CategoryName;Term1;Term2;Term3
gloves;0.753339546;0.018706638;0.000595941
boots;-2.551020408;0.172959184;0.000229592
pants;1.508545518;-0.024223927;0.000242414
armor;-4.443900848;0.121480213;0.000365433
steelsword;0.58975203;0.031682028;0.000934277
silversword;-0.061635392;0.100164361;0.000599918
secondary;9.314690797;0.06856177;-0.000308494
bolt;4.976368147;0.023498756;0.000133097
petard;9.994591302;0.005359563;0.0000491
